Title,Media URL,Pinterest board,Thumbnail,Description,Link,Publish date,Keywords
Small Homestead Layout Ideas for a Backyard,https://raw.githubusercontent.com/road2fg/affiliate-momentum-pages/main/pins/small-homestead-layout-ideas-for-a-backyard-v1.jpg,Homesteading & Self-Sufficient Living,,Practical tips and a buyer checklist for small homestead layout ideas. Includes affiliate disclosure. #ad Affiliate link; I may earn a commission at no extra cost to you.,https://independentbackyard.com/my-book/#aff=shatakshiw10&cam=pinterest_small-homestead-layout-ideas-for-a-backyard,2026-09-15T20:00:00,"small homestead layout ideas, small, homestead, layout, ideas, for, affiliate guide"
Small Homestead Layout Ideas: What to Know Before You Start,https://raw.githubusercontent.com/road2fg/affiliate-momentum-pages/main/pins/small-homestead-layout-ideas-for-a-backyard-v2.jpg,Homesteading & Self-Sufficient Living,,"Research small homestead layout ideas with clear trade-offs, common mistakes, and next steps. #ad Affiliate link; I may earn a commission at no extra cost to you.",https://independentbackyard.com/my-book/#aff=shatakshiw10&cam=pinterest_small-homestead-layout-ideas-for-a-backyard,2026-09-16T20:00:00,"small homestead layout ideas, small, homestead, layout, ideas, for, affiliate guide"
A Practical Guide to Small Homestead Layout Ideas,https://raw.githubusercontent.com/road2fg/affiliate-momentum-pages/main/pins/small-homestead-layout-ideas-for-a-backyard-v3.jpg,Homesteading & Self-Sufficient Living,,Save this guide if you're comparing options for small homestead layout ideas. #ad Affiliate link; I may earn a commission at no extra cost to you.,https://independentbackyard.com/my-book/#aff=shatakshiw10&cam=pinterest_small-homestead-layout-ideas-for-a-backyard,2026-09-17T20:00:00,"small homestead layout ideas, small, homestead, layout, ideas, for, affiliate guide"
Backyard Food Garden Layout Ideas,https://raw.githubusercontent.com/road2fg/affiliate-momentum-pages/main/pins/backyard-food-garden-layout-ideas-v1.jpg,Homesteading & Self-Sufficient Living,,Practical tips and a buyer checklist for backyard food garden layout. Includes affiliate disclosure. #ad Affiliate link; I may earn a commission at no extra cost to you.,https://independentbackyard.com/my-book/#aff=shatakshiw10&cam=pinterest_backyard-food-garden-layout-ideas,2026-09-18T20:00:00,"backyard food garden layout, backyard, food, garden, layout, ideas, affiliate guide"
Backyard Food Garden Layout: What to Know Before You Start,https://raw.githubusercontent.com/road2fg/affiliate-momentum-pages/main/pins/backyard-food-garden-layout-ideas-v2.jpg,Homesteading & Self-Sufficient Living,,"Research backyard food garden layout with clear trade-offs, common mistakes, and next steps. #ad Affiliate link; I may earn a commission at no extra cost to you.",https://independentbackyard.com/my-book/#aff=shatakshiw10&cam=pinterest_backyard-food-garden-layout-ideas,2026-09-19T20:00:00,"backyard food garden layout, backyard, food, garden, layout, ideas, affiliate guide"
A Practical Guide to Backyard Food Garden Layout,https://raw.githubusercontent.com/road2fg/affiliate-momentum-pages/main/pins/backyard-food-garden-layout-ideas-v3.jpg,Homesteading & Self-Sufficient Living,,Save this guide if you're comparing options for backyard food garden layout. #ad Affiliate link; I may earn a commission at no extra cost to you.,https://independentbackyard.com/my-book/#aff=shatakshiw10&cam=pinterest_backyard-food-garden-layout-ideas,2026-09-20T20:00:00,"backyard food garden layout, backyard, food, garden, layout, ideas, affiliate guide"
How to Check a Used Car for Accident History by VIN,https://raw.githubusercontent.com/road2fg/affiliate-momentum-pages/main/pins/how-to-check-a-used-car-for-accident-history-by-vin-v1.jpg,Used Car Buying Tips,,Practical tips and a buyer checklist for used car accident history vin. Includes affiliate disclosure. #ad Affiliate link; I may earn a commission at no extra cost to you.,https://81c9dd66jdm6rxlupgiek3mi2j.hop.clickbank.net?tid=seo_how_to_check_a_used_car_for_accident_history_by_vin,2026-09-21T20:00:00,"used car accident history vin, how, to, check, a, used, affiliate guide"
Used Car Accident History Vin: What to Know Before You Start,https://raw.githubusercontent.com/road2fg/affiliate-momentum-pages/main/pins/how-to-check-a-used-car-for-accident-history-by-vin-v2.jpg,Used Car Buying Tips,,"Research used car accident history vin with clear trade-offs, common mistakes, and next steps. #ad Affiliate link; I may earn a commission at no extra cost to you.",https://81c9dd66jdm6rxlupgiek3mi2j.hop.clickbank.net?tid=seo_how_to_check_a_used_car_for_accident_history_by_vin,2026-09-22T20:00:00,"used car accident history vin, how, to, check, a, used, affiliate guide"
A Practical Guide to Used Car Accident History Vin,https://raw.githubusercontent.com/road2fg/affiliate-momentum-pages/main/pins/how-to-check-a-used-car-for-accident-history-by-vin-v3.jpg,Used Car Buying Tips,,Save this guide if you're comparing options for used car accident history vin. #ad Affiliate link; I may earn a commission at no extra cost to you.,https://81c9dd66jdm6rxlupgiek3mi2j.hop.clickbank.net?tid=seo_how_to_check_a_used_car_for_accident_history_by_vin,2026-09-23T20:00:00,"used car accident history vin, how, to, check, a, used, affiliate guide"
How to Check for Odometer Rollback Using a VIN,https://raw.githubusercontent.com/road2fg/affiliate-momentum-pages/main/pins/how-to-check-for-odometer-rollback-using-a-vin-v1.jpg,Used Car Buying Tips,,Practical tips and a buyer checklist for how to check if odometer rolled back vin. Includes affiliate disclosure. #ad Affiliate link; I may earn a commission at no extra cost to you.,https://81c9dd66jdm6rxlupgiek3mi2j.hop.clickbank.net?tid=seo_how_to_check_for_odometer_rollback_using_a_vin,2026-09-24T20:00:00,"how to check if odometer rolled back vin, how, to, check, for, odometer, affiliate guide"
How To Check If Odometer Rolled Back Vin: What to Know Before You Start,https://raw.githubusercontent.com/road2fg/affiliate-momentum-pages/main/pins/how-to-check-for-odometer-rollback-using-a-vin-v2.jpg,Used Car Buying Tips,,"Research how to check if odometer rolled back vin with clear trade-offs, common mistakes, and next steps. #ad Affiliate link; I may earn a commission at no extra cost to you.",https://81c9dd66jdm6rxlupgiek3mi2j.hop.clickbank.net?tid=seo_how_to_check_for_odometer_rollback_using_a_vin,2026-09-25T20:00:00,"how to check if odometer rolled back vin, how, to, check, for, odometer, affiliate guide"
A Practical Guide to How To Check If Odometer Rolled Back Vin,https://raw.githubusercontent.com/road2fg/affiliate-momentum-pages/main/pins/how-to-check-for-odometer-rollback-using-a-vin-v3.jpg,Used Car Buying Tips,,Save this guide if you're comparing options for how to check if odometer rolled back vin. #ad Affiliate link; I may earn a commission at no extra cost to you.,https://81c9dd66jdm6rxlupgiek3mi2j.hop.clickbank.net?tid=seo_how_to_check_for_odometer_rollback_using_a_vin,2026-09-26T20:00:00,"how to check if odometer rolled back vin, how, to, check, for, odometer, affiliate guide"
